,MSE,MAPE,RMSE,R2
BOC,0.0025380472652614117,0.012229067273437977,0.06826359033584595,0.9859161376953125
BOCHK,0.0022492287680506706,0.012342847883701324,0.05356770381331444,0.987518846988678
BOCOM,0.0021258920896798372,0.011316748335957527,0.012218461371958256,0.988203227519989
CCB,0.0020344587974250317,0.009834114462137222,0.08186552673578262,0.9887105822563171
HSB,0.002451232634484768,0.008161194622516632,1.772455096244812,0.9863978624343872
HSBC,0.0020497296936810017,0.00926171988248825,0.5070680975914001,0.9886258840560913
ICBC,0.0020382539369165897,0.010125060565769672,0.07336391508579254,0.9886895418167114
