,MSE,MAPE,RMSE,R2
BOC,0.002283530542626977,0.011867906898260117,0.08864358812570572,0.9873284697532654
BOCHK,0.0024938322603702545,0.012575250118970871,0.09263551235198975,0.9861615300178528
BOCOM,0.0025067515671253204,0.012645523995161057,0.0928751528263092,0.986089825630188
CCB,0.0021582143381237984,0.01154865138232708,0.08617696166038513,0.9880238771438599
HSB,0.002250534249469638,0.011831349693238735,0.0880008190870285,0.9875115752220154
HSBC,0.0022123651579022408,0.01171108242124319,0.08725138008594513,0.9877234101295471
ICBC,0.0021775029599666595,0.011462695896625519,0.08656121045351028,0.9879168272018433
