,MAPE,RMSE,R2
GVR,0.029420092701911926,1063.3870849609375,0.9890919923782349
POW,0.018550587818026543,335.572509765625,0.9814496040344238
TCB,0.03663606569170952,2544.278076171875,0.9566293954849243
TPB,0.04850836098194122,953.456787109375,0.9886005520820618
VHM,0.019801534712314606,1739.0550537109375,0.9669809341430664
