,MAPE,RMSE,R2
GVR,0.030059587210416794,1091.7440185546875,0.9885025024414062
POW,0.018589181825518608,337.6587219238281,0.9812182784080505
TCB,0.03713585063815117,2588.4990234375,0.955108642578125
TPB,0.05221301689743996,1006.8358764648438,0.9872884154319763
VHM,0.018223632127046585,1607.4329833984375,0.9717899560928345
