,MSE,MAPE,RMSE,R2
BOC,0.0020088134333491325,0.011102213524281979,0.08314071595668793,0.9888529181480408
BOCHK,0.0020711065735667944,0.011286865919828415,0.08441996574401855,0.9885072112083435
BOCOM,0.0020555707160383463,0.011238382197916508,0.08410273492336273,0.9885934591293335
CCB,0.0019924340303987265,0.011025913059711456,0.08280105888843536,0.9889438152313232
HSB,0.002095109084621072,0.011383253149688244,0.08490774035453796,0.9883740544319153
HSBC,0.002043401589617133,0.0112065514549613,0.08385341614484787,0.988660991191864
ICBC,0.0020317586604505777,0.011104697361588478,0.08361419290304184,0.9887256026268005
