,MAPE,RMSE,R2
GVR,0.031258724629879,1129.818359375,0.9876865744590759
POW,0.01848555915057659,334.36138916015625,0.981583297252655
TCB,0.030610518530011177,2011.7677001953125,0.9728842377662659
TPB,0.0490683875977993,943.5506591796875,0.9888362288475037
VHM,0.016483595594763756,1496.0166015625,0.9755650758743286
