,MAPE,RMSE,R2
GVR,0.029432158917188644,1063.9171142578125,0.9890811443328857
POW,0.018568946048617363,335.8420104980469,0.9814198017120361
TCB,0.036644790321588516,2544.91259765625,0.9566077589988708
TPB,0.0486995093524456,955.1303100585938,0.9885604977607727
VHM,0.019819989800453186,1740.3797607421875,0.966930627822876
